<?xml version="1.0" encoding="UTF-8"?>
<!DOCTYPE mapper PUBLIC "-//mybatis.org//DTD Mapper 3.0//EN" "http://mybatis.org/dtd/mybatis-3-mapper.dtd">
<mapper namespace="com.study.free.dao.IFreeBoardDao">


	<select id="getTotalRowCount" parameterType="com.study.common.vo.PagingVO" resultType="int">
	SELECT count(*)
	FROM free_board
	</select>

	<select id="getBoardList" resultType="com.study.free.vo.FreeBoardVO" parameterType="com.study.common.vo.PagingVO">
		SELECT * FROM 
		(SELECT a.*,rownum AS rnum FROM (
		SELECT bo_no
		     , bo_title , bo_category, bo_writer
		     , bo_pass, bo_content,  bo_hit
		     , to_char(bo_reg_date,'YYYY-MM-DD') AS bo_reg_date
		     , to_char(bo_mod_date,'YYYY-MM-DD') AS bo_mod_date
		     , bo_del_yn
		FROM free_board
		WHERE bo_del_yn='N'
		ORDER BY bo_no desc
		) a  )b
		WHERE rnum between #{firstRow} and #{lastRow}
		
	</select>
	
	<select id="getBoard" resultType="com.study.free.vo.FreeBoardVO" parameterType="int">
		SELECT bo_no
		     , bo_title , bo_category, bo_writer
		     , bo_pass, bo_content, bo_hit
		     , to_char(bo_reg_date,'YYYY-MM-DD') AS bo_reg_date
		     , to_char(bo_mod_date,'YYYY-MM-DD') AS bo_mod_date
		     , bo_del_yn
		FROM free_board
		WHERE bo_no=#{boNo}
	</select>
	
	
	<update id="updateBoard"
		parameterType="com.study.free.vo.FreeBoardVO">
		UPDATE free_board SET
		bo_title=#{boTitle}
		,bo_category=#{boCategory}
		,bo_content=#{boContent}
		,bo_mod_date=sysdate
		WHERE bo_no=#{boNo}
	</update>
	
	<update id="deleteBoard"
		parameterType="com.study.free.vo.FreeBoardVO">
		UPDATE free_board SET
		bo_del_yn='Y'
		WHERE bo_no=#{boNo}

	</update>
	
	
	<insert id="insertBoard"
		parameterType="com.study.free.vo.FreeBoardVO">
		INSERT INTO free_board (
		    bo_no, bo_title, bo_category
		    , bo_writer , bo_pass, bo_content
		    , bo_hit , bo_reg_date
		    , bo_mod_date , bo_del_yn
	  ) VALUES(
			seq_free_board.nextval,#{boTitle} ,
			#{boCategory},
			#{boWriter}, #{boPass}, #{boContent},
			 0, sysdate,
			null, 'N'
		)
	</insert>

</mapper>